-- both test users have the password "password"

INSERT INTO users (username, password, first_name, last_name, email, is_admin)
VALUES ('testuser',
        '$2b$12$AZH7virni5jlTTiGgEg4zu3lSvAw68qVEfSIOjJ3RqtbJbdW/Oi5q',
        'Test',
        'User',
        'joel@joelburton.com',
        FALSE),
       ('testadmin',
        '$2b$12$AZH7virni5jlTTiGgEg4zu3lSvAw68qVEfSIOjJ3RqtbJbdW/Oi5q',
        'Test',
        'Admin!',
        'joel@joelburton.com',
        TRUE);

INSERT INTO companies (handle,
                       name,
                       num_employees,
                       description,
                       logo_url)
VALUES ('acme-tech', 'Acme Technology', 862,
        'Innovative software solutions provider.', NULL),
       ('pearl-consulting', 'Pearl Consulting', 744,
        'Management consulting firm specializing in business strategy and growth.',
        '/logos/pearl_consulting.png'),
       ('starlight-logistics', 'Starlight Logistics', 749,
        'Full-service logistics company offering transportation and warehousing solutions.',
        '/logos/starlight_logistics.png'),
       ('flux-energy', 'Flux Energy', 819,
        'Renewable energy company providing solar and wind power solutions.',
        '/logos/flux_energy.png'),
       ('evergreen-agriculture', 'Evergreen Agriculture', 225,
        'Sustainable agriculture company producing organic crops and livestock.',
        '/logos/evergreen_agriculture.png'),
       ('quartz-finance', 'Quartz Finance', 267,
        'Financial services company offering investment advice and portfolio management.',
        '/logos/quartz_finance.png'),
       ('oceanic-ventures', 'Oceanic Ventures', NULL,
        'Venture capital firm investing in ocean-based technologies and businesses.',
        '/logos/oceanic_ventures.png'),
       ('skyline-construction', 'Skyline Construction', 698,
        'Full-service construction company specializing in high-rise building projects.',
        '/logos/skyline_construction.png'),
       ('velocity-advertising', 'Velocity Advertising', 288,
        'Advertising agency providing creative and digital marketing solutions.',
        '/logos/velocity_advertising.png'),
       ('elite-law', 'Elite Law', 398,
        'Full-service law firm specializing in corporate law and intellectual property.',
        '/logos/elite_law.png'),
       ('alpha-investments', 'Alpha Investments', 753,
        'Financial investment firm offering mutual funds and equity portfolio management.',
        '/logos/alpha_investments.png'),
       ('bravo-consulting', 'Bravo Consulting', 245,
        'Management consulting firm specializing in organizational development and process improvement.',
        '/logos/bravo_consulting.png'),
       ('delta-construction', 'Delta Construction', 649,
        'Full-service construction company offering design-build and project management services.',
        '/logos/delta_construction.png'),
       ('echo-consulting', 'Echo Consulting', 444,
        'Management consulting firm specializing in data analysis and process optimization.',
        '/logos/echo_consulting.png'),
       ('foxtrot-construction', 'Foxtrot Construction', 795,
        'Construction company specializing in public works and infrastructure projects.',
        NULL),
        ('atlas-transportation', 'Atlas Transportation', 812,
        'Full-service transportation company specializing in air, sea and land logistics.',
        '/logos/atlas_transportation.png'),
       ('terra-engineering', 'Terra Engineering', 536,
        'Environmental engineering firm providing sustainability and renewable energy solutions.',
        '/logos/terra_engineering.png'),
       ('nova-banking', 'Nova Banking', 962,
        'Digital banking company offering personal and business financial services.',
        '/logos/nova_banking.png'),
       ('zenith-tech', 'Zenith Technology', 1116,
        'Innovative technology company specializing in AI and machine learning solutions.',
        '/logos/zenith_tech.png'),
       ('orion-retail', 'Orion Retail', 467,
        'Full-service retail company offering e-commerce and brick-and-mortar shopping.',
        '/logos/orion_retail.png'),
       ('meridian-health', 'Meridian Health', 586,
        'Healthcare company offering telemedicine and wellness solutions.',
        '/logos/meridian_health.png'),
       ('luminary-investments', 'Luminary Investments', 892,
        'Financial investment firm specializing in impact investing and socially responsible investments.',
        '/logos/luminary_investments.png'),
       ('solaris-energy', 'Solaris Energy', 422,
        'Renewable energy company specializing in solar panel installations and energy storage systems.',
        '/logos/solaris_energy.png'),
       ('horizon-education', 'Horizon Education', 726,
        'Online education company offering courses and certifications in various fields.',
        '/logos/horizon_education.png'),
       ('aurora-consulting', 'Aurora Consulting', 312,
        'Management consulting firm specializing in digital transformation and innovation.',
        '/logos/aurora_consulting.png'),
       ('galaxy-travel', 'Galaxy Travel', 689,
        'Full-service travel company offering flights, hotels, and travel packages.',
        '/logos/galaxy_travel.png'),
       ('cosmos-realty', 'Cosmos Realty', 621,
        'Real estate company offering residential and commercial properties for sale and rental.',
        '/logos/cosmos_realty.png'),
       ('lunar-manufacturing', 'Lunar Manufacturing', 926,
        'Manufacturing company specializing in aerospace and defense products.',
        '/logos/lunar_manufacturing.png'),
       ('asteroid-mining', 'Asteroid Mining', 879,
        'Space mining company specializing in the extraction of minerals and resources from asteroids.',
        '/logos/asteroid_mining.png'),
       ('nebula-software', 'Nebula Software', 687,
        'Software development company specializing in cloud computing and data analysis solutions.',
        '/logos/nebula_software.png');
       

INSERT INTO jobs (title, salary, equity, company_handle)
VALUES  ('Software Engineer', 90000, 0.05, 'acme-tech'),
        ('Project Manager', 110000, 0.02, 'pearl-consulting'),
        ('Logistics Coordinator', 90000, 0, 'starlight-logistics'),
        ('Renewable Energy Specialist', 105000, 0.03, 'flux-energy'),
        ('Organic Farming Manager', 90000, 0.01, 'evergreen-agriculture'),
        ('Financial Advisor', 115000, 0.01, 'quartz-finance'),
        ('Venture Capital Associate', 130000, 0.05, 'oceanic-ventures'),
        ('Construction Project Manager', 120000, 0.03, 'skyline-construction'),
        ('Digital Marketing Manager', 110000, 0.02, 'velocity-advertising'),
        ('Corporate Lawyer', 175000, 0.01, 'elite-law'),
        ('Investment Analyst', 100000, 0.05, 'alpha-investments'),
        ('Organizational Development Consultant', 105000, 0.03, 'bravo-consulting'),
        ('Design Engineer', 110000, 0.01, 'delta-construction'),
        ('Data Analyst', 95000, 0.05, 'echo-consulting'),
        ('Infrastructure Project Manager', 130000, 0.03, 'foxtrot-construction'),
        ('Product Manager', 125000, 0.05, 'acme-tech'),
        ('Business Strategy Consultant', 115000, 0.02, 'pearl-consulting'),
        ('Trucking Dispatch Specialist', 80000, 0, 'starlight-logistics'),
        ('Solar Panel Installer', 70000, 0, 'flux-energy'),
        ('Organic Livestock Specialist', 80000, 0.01, 'evergreen-agriculture'),
        ('Portfolio Manager', 110000, 0.03, 'quartz-finance'),
        ('Project Manager', 140000, 0.02, 'pearl-consulting'),
        ('Logistics Coordinator', 65000, 0, 'starlight-logistics'),
        ('Renewable Energy Technician', 75000, 0, 'flux-energy'),
        ('Agricultural Specialist', 65000, 0, 'evergreen-agriculture'),
        ('Investment Advisor', 125000, 0, 'quartz-finance'),
        ('Venture Capital Associate', 150000, 0.03, 'oceanic-ventures'),
        ('Construction Project Manager', 135000, 0.01, 'skyline-construction'),
        ('Advertising Account Executive', 80000, 0, 'velocity-advertising'),
        ('Corporate Lawyer', 195000, 0, 'elite-law'),
        ('Financial Analyst', 95000, 0, 'alpha-investments'),
        ('Organizational Development Consultant', 115000, 0, 'bravo-consulting'),
        ('Construction Site Supervisor', 95000, 0, 'delta-construction'),
        ('Data Analyst', 85000, 0, 'echo-consulting'),
        ('Infrastructure Project Manager', 145000, 0.01, 'foxtrot-construction'),
        ('Software Quality Assurance Engineer', 75000, 0, 'acme-tech'),
        ('Business Development Manager', 115000, 0, 'pearl-consulting'),
        ('Logistics Operations Manager', 145000, 0.01, 'starlight-logistics'),
        ('Renewable Energy Sales Representative', 85000, 0, 'flux-energy'),
        ('Agricultural Technician', 55000, 0, 'evergreen-agriculture'),
        ('Transportation Manager', 812, 0.1, 'atlas-transportation'),
        ('Environmental Engineer', 536, 0.15, 'terra-engineering'),
        ('Digital Banker', 962, 0.05, 'nova-banking'),
        ('AI Researcher', 1116, 0.12, 'zenith-tech'),
        ('Retail Manager', 467, 0.08, 'orion-retail'),
        ('Telemedicine Specialist', 586, 0.1, 'meridian-health'),
        ('Impact Investor', 892, 0.13, 'luminary-investments'),
        ('Solar Panel Installer', 422, 0.09, 'solaris-energy'),
        ('Online Instructor', 726, 0.06, 'horizon-education'),
        ('Digital Transformation Consultant', 312, 0.14, 'aurora-consulting'),
        ('Travel Agent', 689, 0.07, 'galaxy-travel'),
        ('Real Estate Agent', 621, 0.1, 'cosmos-realty'),
        ('Aerospace Engineer', 926, 0.11, 'lunar-manufacturing'),
        ('Asteroid Miner', 879, 0.15, 'asteroid-mining'),
        ('Cloud Computing Developer', 687, 0.12, 'nebula-software');
